{
  "version": 1,
  "author": "Anonymous maker",
  "editor": "wokwi",
  "parts": [
    {
      "type": "board-esp32-devkit-c-v4",
      "id": "esp",
      "top": -20.34,
      "left": 6.5,
      "rotate": 270,
      "attrs": {}
    },
    { "type": "wokwi-led", "id": "led1", "top": -42, "left": -25, "attrs": { "color": "purple" } }
  ],
  "connections": [
    [ "esp:TX", "$serialMonitor:RX", "", [] ],
    [ "esp:RX", "$serialMonitor:TX", "", [] ],
    [ "led1:C", "esp:GND.2", "green", [ "h-28.4", "v28.8" ] ],
    [ "led1:A", "esp:22", "green", [ "v9.6", "h-9.6" ] ]
  ],
  "dependencies": {}
}